Price,Product
$429.99,"Apple Macbook Pro 13"" / Intel 2.5GHZ / 8GB RAM / 1TB / 2 YEAR WARRANTY / OS 2019"
$429.95,"Apple MacBook Air (2015) 11"" Core i5 1.6GHz 4GB 128GB SSD A1465 - OS Mojave"
$368.66,Apple MacBook Pro 13'' Core i5 2.5GHz 4GB 500GB 2012 B Grade 
$462.41,"Space Grey MacBook ""Core M"" 1.1 12"" (Early 2015) refurbished by Apple 2016"
$410.00,"New ListingMacbook Pro 15"" 2.2 Ghz i7 | 8gb DDR3 RAM | 500Gb HD | Refurbished | OS Catalina"
$339.93,macbook pro 15 mid-2012 i7 512GB SSD 2.6GHz 8GB RAM
$487.39,"MacBook Pro 2.5GHz Core i5 Retina 8GB RAM 128GB Flash Storage 13"" 2012 Sale Pric"
$465.00,"New Apple MacBook Air 13"" 2017 Intel i5 8GB DDR3 128GB SSD -DS3130"
$479.97,Apple MacBook Pro Retina Core i5 2.4GHz 4GB RAM 128GB SSD 13 - ME864LL/A
$193.71,"Apple MacBook Air A1466 13.3"" Laptop - 2012"
$556.14,"New ListingMacbook Pro A1286 15"" 2012 Intel Core i7-3615QM 2.3GHz Quad-Core 512GB SSD / 8GB"
$100.00,"New ListingApple MacBook Pro A1286 15.4"" Laptop - MD104LL/A (June, 2012) (See description)"
$610.68,"New ListingApple MacBook Pro 13.3"" (128gb SSD, Intel Core i5 8¬™ Generation, 3,90 GHz,..."
$315.00,"MacBook Air 13.3"" [Early 2015] Intel 2.20GHz CORE i7 [5650U] 8GB RAM 256Gb SSD"
"$1,398.47",READ Descüî• MacBook PRO 13.3 Retina 2TB SSD 16GB RAM i7 3.1GHz Apple Laptop >1TB
$892.06,New ListingApple MacBook Air Touch ID 2019 13‚Äù Laptop 128GB 8GB RAM Gold Warranty w/Box wc3
$495.00,New ListingApple MacBook 12 Inch Retina 1.1GHz Core M (2015)  8GB RAM/256GB SSD 
"$1,199.00",New ListingApple MacBook Pro 2016 15 Touch Bar i7 up to 3.5GHz 16GB Ram 512GB SSD 2GB Video
$493.63,"Apple GENUINE MacBook Pro Retina 13"" A1502 2015 LCD Screen Display Assembly 2835"
$306.10,"Good Apple MacBook Air 7 i5-5250U 1.6GHz 8GB DDR3 121GB SSD 13.3"" Screen -AJ0058"
$220.50,Good Apple MacBook Pro 13 2012 Intel i5 4GB DDR3 Mac OS 16GB HDD -DS2887
$449.00,"Apple MacBook Pro Intel Core i5, 13.3-in, 4GB RAM, 1TB, 1-Year Warranty Included"
$257.00,Apple MD101LL/A MacBook Pro 13.3 Inches Core I5 2.5GHz 8GB RAM 500GB...
$112.48,"Apple MacBook Pro A1260 15.4"" Laptop - MB470LL/A (October, 2008)"
$598.00,"Apple 2014 MacBook Pro 15"" Retina / 2.5Ghz i7 / 16GB / 500GB / MGXC2LL/A"
$474.00,"New ListingApple MacBook 12'' 256 GB Space Gray Laptop - MLH72LL/A (April, 2016)"
$298.69,"Apple MacBook Pro A1278 13"" Core i5 2.4 Ghz 4GB 256GB SSD MS OFFICE INSTALLED   "
$365.00,"Apple MacBook Air 13"" Early 2015 Laptop 512GB SSD | 8GB | i7 @2.2GHz"
$419.00,"Apple MacBook Pro Retina Late 2013 15"" i7-4750 2.00GHz  8GB 256GB A1398 READ!"
$474.91,"Apple MacBook Pro A1502 13.3"" Laptop Early 2015"
$479.99,New ListingMacBook 12 Gold Early 2016 1.3GHz m7 8GB 512GB Fair Condition - Bent Frame
"$1,329.97","Apple MacBook Pro Core i7 Retina 2.7GHz 16GB RAM 512GB SSD Touch 15"" - MLH42LL/A"
$329.00,"Apple MacBook Air 13.3"" i5 Processor, 4GB RAM, 128GB SSD, MD231LL/A"
$459.97,New ListingApple MacBook Air Core i5 1.8GHz 4GB RAM 256GB SSD 13 - MD232LL/A
$360.00,Apple MacBook Pro Retina 15-inch Mid 2014 2.2GHz 256 SSD 16gb Ram
$493.50,Apple MacBook Pro 15‚Äù Retina 128GB SSD 8GB RAM 2GHz Intel i7 Processor Tested
$172.50,Fair Apple MacBook Air Intel i5-4260U 1.40GHz 4GB DDR3 121GB SSD -AJ0064
$745.00,"New ListingApple MacBook Pro 13‚Äù 2017 (128GB, 2.3 GHz Intel Core i5, 8GB, Intel Iris 640)"
$532.22,‚ùÜ Apple MacBook Pro 13 / 2.4GHz INTEL / 8GB RAM / 1TB / 3 YR WARRANTY OS-2017
$531.33,‚ùÜ Apple MacBook Pro 13 / 2.4GHz INTEL / 8GB RAM / 1TB / 3 YR WARRANTY OS-2019
$300.00,New ListingApple MacBook Pro MID-2012 13.3 Inches Core I5 2.5GHz 8GB RAM 120Gb ssd
$343.68,Apple MacBook Pro 13 Mid 2012 2.5Ghz Intel Core i5 Silver
$198.71,2015 MacBook Pro 13 Motherboard A1502  I5 2.7 8gb
$174.00,"New Listingmacbook air 13-inch early 2014, 4GB Ram, 128GB Flash Storage"
"$1,187.26",Apple MacBook Pro 13-inch Touch Bar 2.9GHz Core i5 8GB RAM 256GB SSD Space Grey
$279.90,"MacBook Pro (Retina, 13-inch, Early 2015) 3.1GHz i7, 16GB DDR3, Intel Iris 6100."
$200.00,MacBook Air (late2008)
$264.95,"Apple MacBook Air A1466 13.3"" Laptop - MD760B/B) April 2014 + 2 charging cables"
$400.00,New ListingApple MacBook Pro A1425   Intel Core i5    8GB RAM   480GB SSD   *READ*  LPT-402
$749.99,"New ListingMacBook Air Retina, 13-in (128GB SSD, i5 @1.60 GHz, 8GB) 2018 - Apple Care 6/22"
$297.00,"Apple Macbook Pro 15"" (Mid 2014) | Core i7 | 2.20GHz | 16GB | 256GB SSD | macOS"
$274.98,"Apple MacBook White 13"" A1342 320GB HDD, 8GB Ram. OS X High Sierra 2017 & Office"
$185.00,Apple 2015 MacBook Air 13 Core i5 1.6Ghz/4GB/128GB MJVE2LL/A macOS10.15 Catalina
"$1,199.00","New ListingNEW 2019 13"" MacBook Pro 1.4GHz Intel Core i5/8GB/128GB Flash/Space Gray"
"$1,299.00","New ListingNEW 2019 13"" MacBook Pro 1.4GHz Intel Core i5/8GB/256GB Flash/Space Gray"
$190.50,Poor Apple  MacBook Pro 13-Inch 2.8 Mid-2014 8GB Mac OS 512GB -DE1170
$611.00,Apple MacBook 2017 Space Gray 12‚Äù Retina 256GB SSD 8GB RAM 1.2GHz Fully Tested
$412.42,"Apple Macbook (12 Inch, Early 2015) Retina 1.1 GHz ,Intel Core M, 256GB SSD 8GB"
$648.60,New ListingApple MacBook Pro 15‚Äù Retina 512GB SSD 16GB RAM 2.5GHz Intel i7 Processor Tested
$835.66,Apple MacBook Retina 2017 12‚Äù Laptop 512GB 1.3GHz 8GB RAM Rose Gold 149 cycles
$528.66,‚ùÜ Apple MacBook Pro 13 / 2.4GHz INTEL / 8GB RAM / 1TB / 3 YR WARRANTY OS-2018
$895.00,"MAXED! Apple MacBook Pro 15"" i7 Retina Quad Core + 16 GB RAM + 500 GB SSD!!"
